{"cardinality_error": 51.1875, "cardinality_error_0": 49.75, "cardinality_error_1": 50.3125, "cardinality_error_2": 50.0, "cardinality_error_3": 50.625, "cardinality_error_4": 51.875, "class_error": 49.256672859191895, "data_time": 0.006908880488481373, "iteration": 149, "loss_bbox": 1.0012776106595993, "loss_bbox_0": 1.1310738176107407, "loss_bbox_1": 1.0488478541374207, "loss_bbox_2": 1.042079821228981, "loss_bbox_3": 1.0131725817918777, "loss_bbox_4": 1.0492469668388367, "loss_ce": 1.3051406741142273, "loss_ce_0": 1.3234793841838837, "loss_ce_1": 1.3169487118721008, "loss_ce_2": 1.2905838191509247, "loss_ce_3": 1.3077587485313416, "loss_ce_4": 1.31308713555336, "loss_giou": 2.0202764570713043, "loss_giou_0": 2.1273743510246277, "loss_giou_1": 2.016753137111664, "loss_giou_2": 2.0188871920108795, "loss_giou_3": 2.0324427485466003, "loss_giou_4": 2.0224117636680603, "lr": 0.0001, "time": 0.30754269007593393, "total_loss": 380.17814622819424}
{"eta_seconds": 177747.51433948643, "iteration": 150}
