{"bbox/AP": 23.8486080343528, "bbox/AP-arrow": 3.01901830929297, "bbox/AP-molec": 58.54410606460881, "bbox/AP-plus": 0.003269604382028915, "bbox/AP-text": 33.828038159127374, "bbox/AP50": 36.89226869824943, "bbox/AP75": 23.858023477764124, "bbox/APl": 30.858734934433173, "bbox/APm": 29.595436798252635, "bbox/APs": 5.328079238048396, "iteration": 624, "total_loss": 0.3241229198873043}
{"bbox/AP": 43.82223235316185, "bbox/AP-arrow": 28.953109018094676, "bbox/AP-molec": 65.78281404598845, "bbox/AP-plus": 35.58603620467936, "bbox/AP-text": 44.96697014388493, "bbox/AP50": 70.81934521140542, "bbox/AP75": 43.611740105897624, "bbox/APl": 46.19245822433628, "bbox/APm": 50.930485823899296, "bbox/APs": 20.687635766182108, "data_time": 0.018966717936564237, "eta_seconds": 11266.5297750209, "iteration": 1249, "loss_box_reg": 0.14706400781869888, "loss_cls": 0.12626458331942558, "lr": 0.0001, "num_pos_anchors": 563.4375, "time": 0.6434330194606446, "total_loss": 0.2741229198873043}
{"bbox/AP": 49.80060424906716, "bbox/AP-arrow": 34.00896740043747, "bbox/AP-molec": 68.51837710051643, "bbox/AP-plus": 49.74188082002639, "bbox/AP-text": 46.933191675288384, "bbox/AP50": 76.20794993022409, "bbox/AP75": 52.69247033537421, "bbox/APl": 48.56067829331104, "bbox/APm": 58.33473788324351, "bbox/APs": 24.432074768795214, "iteration": 1874, "total_loss": 0.2541229198873043}
{"bbox/AP": 51.621135953245364, "bbox/AP-arrow": 35.78715119319442, "bbox/AP-molec": 70.14569936957194, "bbox/AP-plus": 52.597509180577426, "bbox/AP-text": 47.9541840696377, "bbox/AP50": 77.69528722779462, "bbox/AP75": 55.66129367042244, "bbox/APl": 49.434063492345594, "bbox/APm": 60.63683054969695, "bbox/APs": 25.699010645187, "data_time": 0.03170952299842611, "eta_seconds": 10352.337361036916, "iteration": 2499, "loss_box_reg": 0.12057482823729515, "loss_cls": 0.07388194277882576, "lr": 0.0001, "num_pos_anchors": 574.8125, "time": 0.6402350215357728, "total_loss": 0.19199399650096893}
{"bbox/AP": 53.29193448203825, "bbox/AP-arrow": 37.64256302207104, "bbox/AP-molec": 71.18447483372795, "bbox/AP-plus": 55.389920512741085, "bbox/AP-text": 48.95077955961293, "bbox/AP50": 78.54442665662307, "bbox/AP75": 58.29217102242173, "bbox/APl": 50.07762115537173, "bbox/APm": 62.383307115512864, "bbox/APs": 27.059449105604973, "iteration": 3124, "total_loss": 0.1841229198873043}
{"bbox/AP": 54.360214804239206, "bbox/AP-arrow": 38.89399582802593, "bbox/AP-molec": 72.56681000259934, "bbox/AP-plus": 56.67360510027074, "bbox/AP-text": 49.30644828606079, "bbox/AP50": 79.47888428760031, "bbox/AP75": 59.529899179653235, "bbox/APl": 50.93883942780497, "bbox/APm": 63.47224778181445, "bbox/APs": 27.898123831751185, "data_time": 0.021638148988131434, "eta_seconds": 9310.76394743286, "iteration": 3749, "loss_box_reg": 0.11111980676651001, "loss_cls": 0.06425226479768753, "lr": 0.0001, "num_pos_anchors": 563.9375, "time": 0.6133892079815269, "total_loss": 0.17590472102165222}
{"bbox/AP": 55.35983839631019, "bbox/AP-arrow": 39.855559160671405, "bbox/AP-molec": 72.66554601065737, "bbox/AP-plus": 58.71220063987798, "bbox/AP-text": 50.206047774034005, "bbox/AP50": 79.74547425759117, "bbox/AP75": 61.01144877828979, "bbox/APl": 51.288747524472235, "bbox/APm": 64.06574056430465, "bbox/APs": 29.159045484128733, "iteration": 4374, "total_loss": 0.1541229198873043}
{"bbox/AP": 55.72003756673523, "bbox/AP-arrow": 40.66313509304463, "bbox/AP-molec": 73.24862430202145, "bbox/AP-plus": 58.78432521177264, "bbox/AP-text": 50.184065660102206, "bbox/AP50": 80.15734951276725, "bbox/AP75": 61.79841612077266, "bbox/APl": 51.725851740362096, "bbox/APm": 64.65134553193415, "bbox/APs": 29.287750987294086, "data_time": 0.03383518202463165, "eta_seconds": 8454.325528655318, "iteration": 4999, "loss_box_reg": 0.09773998707532883, "loss_cls": 0.0447858776897192, "lr": 0.0001, "num_pos_anchors": 570.75, "time": 0.6092034049797803, "total_loss": 0.14144369028508663}
{"bbox/AP": 56.3749791106636, "bbox/AP-arrow": 41.57506226478161, "bbox/AP-molec": 73.7269667147838, "bbox/AP-plus": 59.94931865882294, "bbox/AP-text": 50.24856880426607, "bbox/AP50": 80.38510898747171, "bbox/AP75": 62.537520625512386, "bbox/APl": 52.1564730223282, "bbox/APm": 65.44268653633291, "bbox/APs": 29.76842735187194, "iteration": 5624, "total_loss": 0.1441229198873043}
{"bbox/AP": 57.33326570435375, "bbox/AP-arrow": 42.37810435787541, "bbox/AP-molec": 74.2068082488087, "bbox/AP-plus": 61.64753481063842, "bbox/AP-text": 51.10061540009247, "bbox/AP50": 80.53667716634398, "bbox/AP75": 63.768275612811706, "bbox/APl": 52.32197245878477, "bbox/APm": 66.13972427738557, "bbox/APs": 30.720809945948275, "data_time": 0.031655655009672046, "eta_seconds": 7665.585044014733, "iteration": 6249, "loss_box_reg": 0.09045939147472382, "loss_cls": 0.04042702913284302, "lr": 0.0001, "num_pos_anchors": 577.0, "time": 0.6277931335498579, "total_loss": 0.1331265103071928}
{"bbox/AP": 57.52890670002504, "bbox/AP-arrow": 42.816653091662445, "bbox/AP-molec": 74.5761079134217, "bbox/AP-plus": 61.38133781509963, "bbox/AP-text": 51.34152797991639, "bbox/AP50": 80.70796485385773, "bbox/AP75": 63.98786641741706, "bbox/APl": 52.682576437574916, "bbox/APm": 66.53218425257408, "bbox/APs": 30.781516495521466, "iteration": 6874, "total_loss": 0.1341229198873043}
{"bbox/AP": 58.450215831067986, "bbox/AP-arrow": 43.75673465261809, "bbox/AP-molec": 75.1273805451492, "bbox/AP-plus": 63.12903674068496, "bbox/AP-text": 51.78771138581969, "bbox/AP50": 80.91929623612646, "bbox/AP75": 64.73540635100663, "bbox/APl": 53.01710365719228, "bbox/APm": 67.56958377687265, "bbox/APs": 31.38665151878507, "data_time": 0.032003367552533746, "eta_seconds": 7007.289525645319, "iteration": 7499, "loss_box_reg": 0.09368404746055603, "loss_cls": 0.040759144350886345, "lr": 0.0001, "num_pos_anchors": 559.375, "time": 0.607109152013436, "total_loss": 0.13318202085793018}
{"bbox/AP": 58.487615369127674, "bbox/AP-arrow": 44.410634576830866, "bbox/AP-molec": 75.23866625654055, "bbox/AP-plus": 62.69691260332928, "bbox/AP-text": 51.604248039809974, "bbox/AP50": 80.96625535985635, "bbox/AP75": 64.87866874327783, "bbox/APl": 53.297143862216004, "bbox/APm": 67.53821662313989, "bbox/APs": 31.424911557233802, "iteration": 8124, "total_loss": 0.1241229198873043}
{"bbox/AP": 59.26045306441671, "bbox/AP-arrow": 44.95280121420962, "bbox/AP-molec": 75.60768372819369, "bbox/AP-plus": 64.12625333200813, "bbox/AP-text": 52.35507398325537, "bbox/AP50": 81.05407834297422, "bbox/AP75": 65.73946987809283, "bbox/APl": 53.474454034247444, "bbox/APm": 67.99383875007906, "bbox/APs": 32.520730836124315, "data_time": 0.02779394999379292, "eta_seconds": 6125.208560260944, "iteration": 8749, "loss_box_reg": 0.0837416723370552, "loss_cls": 0.034068020060658455, "lr": 0.0001, "num_pos_anchors": 542.3125, "time": 0.6034142554271966, "total_loss": 0.11717908829450607}
{"bbox/AP": 59.2540775018349, "bbox/AP-arrow": 45.208350354950845, "bbox/AP-molec": 75.73509059826951, "bbox/AP-plus": 63.71122947414677, "bbox/AP-text": 52.36163957997243, "bbox/AP50": 81.17035752069009, "bbox/AP75": 65.59176695438444, "bbox/APl": 53.594046520737, "bbox/APm": 68.21552718939999, "bbox/APs": 32.16694610942648, "iteration": 9374, "total_loss": 0.1241229198873043}
{"bbox/AP": 59.520456723975045, "bbox/AP-arrow": 45.693754595832445, "bbox/AP-molec": 75.7070142654763, "bbox/AP-plus": 64.30578054906425, "bbox/AP-text": 52.375277485527164, "bbox/AP50": 81.1762043746515, "bbox/AP75": 65.78295645439441, "bbox/APl": 53.52962792760832, "bbox/APm": 68.78301254355208, "bbox/APs": 32.325590850393894, "data_time": 0.028268314490560442, "eta_seconds": 5397.552632566658, "iteration": 9999, "loss_box_reg": 0.0838739313185215, "loss_cls": 0.03504983149468899, "lr": 0.0001, "num_pos_anchors": 574.4375, "time": 0.6205135345226154, "total_loss": 0.12039702571928501}
{"bbox/AP": 60.12977291279971, "bbox/AP-arrow": 46.13964788820159, "bbox/AP-molec": 76.5021660042336, "bbox/AP-plus": 65.07922034771912,