{"bbox/AP": 24.321652591396457, "bbox/AP-arrow": 6.807491312297135, "bbox/AP-molec": 53.232125331555714, "bbox/AP-plus": 0.31280147245493783, "bbox/AP-text": 36.93419224927804, "bbox/AP50": 43.41147958284782, "bbox/AP75": 24.047756170952148, "bbox/APl": 28.35357827477301, "bbox/APm": 29.873467281718767, "bbox/APs": 7.741728849532064, "iteration": 624 , "total_loss": 0.6830404645204544 }
{"bbox/AP": 44.26923975281502, "bbox/AP-arrow": 31.03276200511525, "bbox/AP-molec": 68.73264279852323, "bbox/AP-plus": 26.623932551303316, "bbox/AP-text": 50.68762165631829, "bbox/AP50": 76.20991332243733, "bbox/AP75": 39.92800348599536, "bbox/APl": 46.686733061169974, "bbox/APm": 51.11785060196621, "bbox/APs": 21.48303490922783, "data_time": 0.023163514444604516, "eta_seconds": 16917.364153050585, "fast_rcnn/cls_accuracy": 0.9130859375, "fast_rcnn/false_negative": 0.19921875, "fast_rcnn/fg_cls_accuracy": 0.77734375, "iteration": 1249, "loss_box_reg": 0.3505801856517792, "loss_cls": 0.22012601792812347, "loss_rpn_cls": 0.015857689548283815, "loss_rpn_loc": 0.09410912171006203, "lr": 0.0001, "roi_head/num_bg_samples": 48.0, "roi_head/num_fg_samples": 16.0, "rpn/num_neg_anchors": 148.3125, "rpn/num_pos_anchors": 107.6875, "time": 0.9859733290504664, "total_loss": 0.6730404645204544}
{"bbox/AP": 49.80380157162927, "bbox/AP-arrow": 37.63727561834328, "bbox/AP-molec": 69.55049100381204, "bbox/AP-plus": 39.42092678711859, "bbox/AP-text": 52.60651287724317, "bbox/AP50": 80.40555444521154, "bbox/AP75": 48.670920262839985, "bbox/APl": 49.0494134848119, "bbox/APm": 56.545317481889036, "bbox/APs": 26.76536751635633, "iteration": 1874, "total_loss": 0.6030404645204544}
{"bbox/AP": 54.71107826241196, "bbox/AP-arrow": 40.29040259723987, "bbox/AP-molec": 71.88892927408462, "bbox/AP-plus": 52.59772534170405, "bbox/AP-text": 54.067255836619296, "bbox/AP50": 81.3238351921024, "bbox/AP75": 61.99310672715856, "bbox/APl": 50.510871735697435, "bbox/APm": 62.266810177894726, "bbox/APs": 30.459456520457916, "data_time": 0.026216525060590357, "eta_seconds": 15637.61426579731, "fast_rcnn/cls_accuracy": 0.931640625, "fast_rcnn/false_negative": 0.1640625, "fast_rcnn/fg_cls_accuracy": 0.828125, "iteration": 2499, "loss_box_reg": 0.2670513838529587, "loss_cls": 0.18375888466835022, "loss_rpn_cls": 0.01082758978009224, "loss_rpn_loc": 0.07698075845837593, "lr": 0.0001, "roi_head/num_bg_samples": 48.0, "roi_head/num_fg_samples": 16.0, "rpn/num_neg_anchors": 144.75, "rpn/num_pos_anchors": 111.25, "time": 0.9784145379671827, "total_loss": 0.5449118809774518}
{"bbox/AP": 56.157822320154146, "bbox/AP-arrow": 43.011477140396515, "bbox/AP-molec": 71.40345021258364, "bbox/AP-plus": 56.049404585770446, "bbox/AP-text": 54.16695734186603, "bbox/AP50": 81.76545534657556, "bbox/AP75": 63.813806977103305, "bbox/APl": 51.143404744515806, "bbox/APm": 64.35929277401846, "bbox/APs": 32.12383028058555, "iteration": 3124, "total_loss": 0.5130404645204544}
{"bbox/AP": 57.405845630820664, "bbox/AP-arrow": 44.17815655979365, "bbox/AP-molec": 73.4765882187287, "bbox/AP-plus": 57.009982027045204, "bbox/AP-text": 54.958655717715054, "bbox/AP50": 82.16559955538241, "bbox/AP75": 66.10313975115109, "bbox/APl": 51.92963802929985, "bbox/APm": 65.05444498556176, "bbox/APs": 33.257363066108695, "data_time": 0.03784185752738267, "eta_seconds": 14498.748967016581, "fast_rcnn/cls_accuracy": 0.9375, "fast_rcnn/false_negative": 0.1328125, "fast_rcnn/fg_cls_accuracy": 0.859375, "iteration": 3749, "loss_box_reg": 0.23978130519390106, "loss_cls": 0.15433108061552048, "loss_rpn_cls": 0.008948464412242174, "loss_rpn_loc": 0.0698077566921711, "lr": 0.0001, "roi_head/num_bg_samples": 48.0, "roi_head/num_fg_samples": 16.0, "rpn/num_neg_anchors": 150.875, "rpn/num_pos_anchors": 105.125, "time": 0.9720421680249274, "total_loss": 0.47176613099873066}
{"bbox/AP": 58.50988853471705, "bbox/AP-arrow": 44.25490899166289, "bbox/AP-molec": 74.25122080573983, "bbox/AP-plus": 61.43696423302689, "bbox/AP-text": 54.09646010843859, "bbox/AP50": 82.08684952717378, "bbox/AP75": 66.35228721460882, "bbox/APl": 52.1547949210889, "bbox/APm": 66.57845452277118, "bbox/APs": 34.15294488148884, "iteration": 4374, "total_loss": 0.4630404645204544}
{"bbox/AP": 59.388839670678784, "bbox/AP-arrow": 44.830777473917635, "bbox/AP-molec": 75.53065023277297, "bbox/AP-plus": 61.64463433641285, "bbox/AP-text": 55.54929663961169, "bbox/AP50": 82.4674352451511, "bbox/AP75": 67.6541324970986, "bbox/APl": 53.1964046867208, "bbox/APm": 66.9878332915083, "bbox/APs": 35.72746751917047, "data_time": 0.0390033190487884, "eta_seconds": 13045.451250945916, "fast_rcnn/cls_accuracy": 0.94140625, "fast_rcnn/false_negative": 0.140625, "fast_rcnn/fg_cls_accuracy": 0.85546875, "iteration": 4999, "loss_box_reg": 0.22456514090299606, "loss_cls": 0.14898138493299484, "loss_rpn_cls": 0.006565020652487874, "loss_rpn_loc": 0.06586026027798653, "lr": 0.0001, "roi_head/num_bg_samples": 48.0, "roi_head/num_fg_samples": 16.0, "rpn/num_neg_anchors": 145.6875, "rpn/num_pos_anchors": 110.3125, "time": 0.9481230864766985, "total_loss": 0.4509358014911413}
{"bbox/AP": 60.033625191656434, "bbox/AP-arrow": 45.661681325902734, "bbox/AP-molec": 74.47735035667228, "bbox/AP-plus": 63.83092597038037, "bbox/AP-text": 56.16454311367034, "bbox/AP50": 82.2603963670912, "bbox/AP75": 68.03274462644306, "bbox/APl": 52.86961924260617, "bbox/APm": 68.1829560060265, "bbox/APs": 36.279987125517835, "iteration": 5624, "total_loss": 0.4330404645204544}
{"bbox/AP": 60.75803545331654, "bbox/AP-arrow": 46.63160984468616, "bbox/AP-molec": 75.36646816610221, "bbox/AP-plus": 65.26627701451997, "bbox/AP-text": 55.76778678795783, "bbox/AP50": 82.16381777915446, "bbox/AP75": 68.29793739492631, "bbox/APl": 53.335713227550755, "bbox/APm": 68.68460036972776, "bbox/APs": 36.9150966308732, "data_time": 0.03521649300819263, "eta_seconds": 12032.195006031543, "fast_rcnn/cls_accuracy": 0.9462890625, "fast_rcnn/false_negative": 0.1171875, "fast_rcnn/fg_cls_accuracy": 0.875, "iteration": 6249, "loss_box_reg": 0.21003936231136322, "loss_cls": 0.14307717233896255, "loss_rpn_cls": 0.007713142083957791, "loss_rpn_loc": 0.06891261041164398, "lr": 0.0001, "roi_head/num_bg_samples": 48.0, "roi_head/num_fg_samples": 16.0, "rpn/num_neg_anchors": 143.0625, "rpn/num_pos_anchors": 112.9375, "time": 0.9758043669280596, "total_loss": 0.42128058965317905}
{"bbox/AP": 60.045227312547425, "bbox/AP-arrow": 47.10232758194658, "bbox/AP-molec": 76.61086221651742, "bbox/AP-plus": 60.888278777656026, "bbox/AP-text": 55.579440674069645, "bbox/AP50": 82.57330721390879, "bbox/AP75": 68.80545403357017, "bbox/APl": 53.86893844016415, "bbox/APm": 67.74610729782935, "bbox/APs": 36.301571276102024, "iteration": 6874, "total_loss": 0.4030404645204544}
{"bbox/AP": 61.31621957601144, "bbox/AP-arrow": 47.755319741037226, "bbox/AP-molec": 75.76760404682365, "bbox/AP-plus": 64.86953523117825, "bbox/AP-text": 56.872419285006636, "bbox/AP50": 82.26656204384484, "bbox/AP75": 69.50621997754072, "bbox/APl": 53.72466708118437, "bbox/APm": 69.21899443350866, "bbox/APs": 37.62779188499629, "data_time": 0.033994244993664324, "eta_seconds": 10340.19316721242, "fast_rcnn/cls_accuracy": 0.9521484375, "fast_rcnn/false_negative": 0.11328125, "fast_rcnn/fg_cls_accuracy": 0.88671875, "iteration": 7499, "loss_box_reg": 0.19621121883392334, "loss_cls": 0.12187561765313148, "loss_rpn_cls": 0.006202867720276117, "loss_rpn_loc": 0.06522467732429504, "lr": 0.0001, "roi_head/num_bg_samples": 48.0, "roi_head/num_fg_samples": 16.0, "rpn/num_neg_anchors": 139.875, "rpn/num_pos_anchors": 116.125, "time": 0.9482084945193492, "total_loss": 0.3889513399335556}
{"bbox/AP": 61.66644653285179, "bbox/AP-arrow": 48.2875441361636, "bbox/AP-molec": 76.39373012730574, "bbox/AP-plus": 65.07725517801092, "bbox/AP-text": 56.907256689926946, "bbox/AP50": 82.42651052764475, "bbox/AP75": 69.94115569016014, "bbox/APl": 54.086153206469646, "bbox/APm": 69.37798393722638, "bbox/APs": 38.10218632431098, "iteration": 8124,